1,ayesha_1,ayesha_1@example.com,hash_ayesha_1_123,2026-01-01 10:00:00
2,raween_2,raween_2@example.com,hash_raween_2_123,2026-01-01 10:00:00
3,amna_3,amna_3@example.com,hash_amna_3_123,2026-01-01 10:00:00
4,sara_4,sara_4@example.com,hash_sara_4_123,2026-01-01 10:00:00
5,fatima_5,fatima_5@example.com,hash_fatima_5_123,2026-01-01 10:00:00
6,zainab_6,zainab_6@example.com,hash_zainab_6_123,2026-01-01 10:00:00
7,maria_7,maria_7@example.com,hash_maria_7_123,2026-01-01 10:00:00
8,hina_8,hina_8@example.com,hash_hina_8_123,2026-01-01 10:00:00
9,laiba_9,laiba_9@example.com,hash_laiba_9_123,2026-01-01 10:00:00
10,iqra_10,iqra_10@example.com,hash_iqra_10_123,2026-01-01 10:00:00
11,ali_11,ali_11@example.com,hash_ali_11_123,2026-01-01 10:00:00
12,ahmed_12,ahmed_12@example.com,hash_ahmed_12_123,2026-01-01 10:00:00
13,hassan_13,hassan_13@example.com,hash_hassan_13_123,2026-01-01 10:00:00
14,usman_14,usman_14@example.com,hash_usman_14_123,2026-01-01 10:00:00
15,hamza_15,hamza_15@example.com,hash_hamza_15_123,2026-01-01 10:00:00
16,bilal_16,bilal_16@example.com,hash_bilal_16_123,2026-01-01 10:00:00
17,umer_17,umer_17@example.com,hash_umer_17_123,2026-01-01 10:00:00
18,saad_18,saad_18@example.com,hash_saad_18_123,2026-01-01 10:00:00
19,zain_19,zain_19@example.com,hash_zain_19_123,2026-01-01 10:00:00
20,danish_20,danish_20@example.com,hash_danish_20_123,2026-01-01 10:00:00
21,maryam_21,maryam_21@example.com,hash_maryam_21_123,2026-01-01 10:00:00
22,noor_22,noor_22@example.com,hash_noor_22_123,2026-01-01 10:00:00
23,maha_23,maha_23@example.com,hash_maha_23_123,2026-01-01 10:00:00
24,sania_24,sania_24@example.com,hash_sania_24_123,2026-01-01 10:00:00
25,rabia_25,rabia_25@example.com,hash_rabia_25_123,2026-01-01 10:00:00
26,alina_26,alina_26@example.com,hash_alina_26_123,2026-01-01 10:00:00
27,eman_27,eman_27@example.com,hash_eman_27_123,2026-01-01 10:00:00
28,ayla_28,ayla_28@example.com,hash_ayla_28_123,2026-01-01 10:00:00
29,sana_29,sana_29@example.com,hash_sana_29_123,2026-01-01 10:00:00
30,bisma_30,bisma_30@example.com,hash_bisma_30_123,2026-01-01 10:00:00
31,jawad_31,jawad_31@example.com,hash_jawad_31_123,2026-01-01 10:00:00
32,farhan_32,farhan_32@example.com,hash_farhan_32_123,2026-01-01 10:00:00
33,arham_33,arham_33@example.com,hash_arham_33_123,2026-01-01 10:00:00
34,talha_34,talha_34@example.com,hash_talha_34_123,2026-01-01 10:00:00
35,rehan_35,rehan_35@example.com,hash_rehan_35_123,2026-01-01 10:00:00
36,faizan_36,faizan_36@example.com,hash_faizan_36_123,2026-01-01 10:00:00
37,asad_37,asad_37@example.com,hash_asad_37_123,2026-01-01 10:00:00
38,waleed_38,waleed_38@example.com,hash_waleed_38_123,2026-01-01 10:00:00
39,imran_39,imran_39@example.com,hash_imran_39_123,2026-01-01 10:00:00
40,kamran_40,kamran_40@example.com,hash_kamran_40_123,2026-01-01 10:00:00
41,nida_41,nida_41@example.com,hash_nida_41_123,2026-01-01 10:00:00
42,sadia_42,sadia_42@example.com,hash_sadia_42_123,2026-01-01 10:00:00
43,mahnoor_43,mahnoor_43@example.com,hash_mahnoor_43_123,2026-01-01 10:00:00
44,komal_44,komal_44@example.com,hash_komal_44_123,2026-01-01 10:00:00
45,mehak_45,mehak_45@example.com,hash_mehak_45_123,2026-01-01 10:00:00
46,areeba_46,areeba_46@example.com,hash_areeba_46_123,2026-01-01 10:00:00
47,asma_47,asma_47@example.com,hash_asma_47_123,2026-01-01 10:00:00
48,saira_48,saira_48@example.com,hash_saira_48_123,2026-01-01 10:00:00
49,nimra_49,nimra_49@example.com,hash_nimra_49_123,2026-01-01 10:00:00
50,dua_50,dua_50@example.com,hash_dua_50_123,2026-01-01 10:00:00
